{
  "HSC": {
    "g": [
      -0.019783567171543837,
      0.5995269805192933
    ],
    "r": [
      -0.02936316905543208,
      1.2009261798858502
    ],
    "z": [
      -0.06764926835894584,
      2.2743462967872494
    ]
  }
}