{
  "HSC": {
    "g": [-0.01787552610039711, 0.35058236330747405],
    "r": [-0.026543444022536278, 0.7422214198112442],
    "z": [-0.057812731899321075, 1.508440258502958]
  }
}