{
  "HSC": {
    "g": [-0.01787552610039711, 0.35058236330747405],
    "r": [-0.026543444022536278, 0.7422214198112442], 
    "z": [-0.057812731899321075, 1.508440258502958]
  },
  "JWST": {
    "f090w": [-0.07078961282968521, 2.4474363327026367],
    "f277w": [-0.017583513632416725, 5.846490383148193],
    "f444w": [-0.0294732004404068, 4.091785907745361]
  },
  "LEGACY": {
    "g": [-0.0023022370878607035, 0.009575212374329567],
    "r": [-0.003597061627078801, 0.021863272413611412],
    "z": [-0.009074461692944168, 0.042978320308029616]
  }
}