{
  "hsc": {
    "g": {
      "p1": -0.011502762325108051,
      "p99": 2.4385387897491455
    },
    "r": {
      "p1": -0.009395280852913857,
      "p99": 5.197093963623047
    },
    "z": {
      "p1": -0.014415506273508072,
      "p99": 10.599109649658203
    }
  },
  "legacysurvey": {
    "g": {
      "p1": -0.0016248651081696153,
      "p99": 0.08414530754089355
    },
    "r": {
      "p1": -0.0021618311293423176,
      "p99": 0.19957800209522247
    },
    "z": {
      "p1": -0.005664174444973469,
      "p99": 0.38434815406799316
    }
  },
  "jwst": {
    "f090w": {
      "p1": -0.1254158318042755,
      "p99": 2.4474363327026367
    },
    "f277w": {
      "p1": -0.03778649866580963,
      "p99": 5.846490383148193
    },
    "f444w": {
      "p1": -0.057081807404756546,
      "p99": 4.091785907745361
    }
  },
  "metadata": {
    "n_samples_hsc_legacysurvey": 10000,
    "n_samples_jwst": 1496,
    "max_samples": 10000,
    "resize_mode": "match"
  }
}